1,Jetpulse,2013-10-14
2,Voonyx,2016-07-31
3,InnoZ,2012-06-05
4,Trilith,2001-09-02
5,Bluejam,2002-01-22
6,Devpoint,2006-02-02
7,Roodel,2003-01-18
8,Jaxbean,2018-01-21
9,Riffwire,2001-06-15
10,Ooba,2005-12-08
11,Flashset,2017-07-06
12,Jaloo,2012-03-23
13,LiveZ,2007-06-07
14,Realbuzz,2001-11-25
15,Feedspan,2014-06-16
16,Jetwire,2004-03-08
17,Meembee,2000-06-18
18,Gevee,2013-09-21
19,Skidoo,2002-10-20
20,Edgetag,2005-04-25
21,Zoovu,2002-07-22
22,Yotz,2007-12-18
23,Youtags,2006-06-23
24,Tekfly,2017-11-21
25,Vidoo,2003-11-23
26,Gigaclub,2017-10-22
27,Jazzy,2013-10-23
28,Npath,2018-03-16
29,Vidoo,2006-05-26
30,Agivu,2017-07-19
31,Babbleblab,2011-08-25
32,Brainsphere,2005-03-31
33,Thoughtmix,2007-05-23
34,Zoozzy,2003-03-17
35,Dynava,2003-04-02
36,Eazzy,2008-09-03
37,Mydo,2009-09-05
38,Viva,2009-03-17
39,Wikivu,2014-05-04
40,Rhycero,2004-04-15
41,Oloo,2011-07-20
42,Divape,2005-01-20
43,Twiyo,2006-06-27
44,Topdrive,2012-10-29
45,Kimia,2008-12-06
46,Dynabox,2018-11-05
47,Jetpulse,2000-07-23
48,Topicblab,2014-08-12
49,Livetube,2017-12-11
50,Twiyo,2000-08-09
51,Youspan,2014-09-24
52,Devify,2015-06-04
53,Lazz,2003-02-26
54,Bluejam,2019-02-07
55,Skyndu,2013-02-20
56,Wikibox,2018-03-29
57,Brainverse,2001-01-27
58,Fliptune,2015-09-02
59,Skinder,2014-02-03
60,Lajo,2014-11-13
61,Riffpedia,2005-04-11
62,Ooba,2008-04-16
63,Realmix,2005-05-28
64,Midel,2006-04-17
65,Jaxnation,2008-10-15
66,Youopia,2006-08-28
67,Pixope,2017-09-20
68,Trilith,2008-09-08
69,Thoughtblab,2008-12-05
70,Jabbersphere,2012-05-17
71,Dazzlesphere,2014-10-06
72,Gigabox,2002-07-15
73,Photofeed,2004-11-04
74,Kwimbee,2011-09-07
75,Zoomzone,2015-08-27
76,Minyx,2017-03-25
77,Photofeed,2015-04-13
78,Reallinks,2019-06-03
79,Zoomdog,2010-06-26
80,Reallinks,2009-06-27
81,Yotz,2001-04-23
82,Vipe,2013-02-09
83,Tagchat,2014-02-06
84,Roodel,2004-01-06
85,Miboo,2009-10-19
86,Skyndu,2011-12-21
87,Voomm,2015-01-17
88,Thoughtstorm,2002-08-18
89,DabZ,2019-05-07
90,Zoomdog,2007-12-26
91,Tagpad,2008-05-30
92,Gigabox,2014-10-28
93,Thoughtworks,2016-06-02
94,Topicblab,2014-01-08
95,Gigabox,2017-03-24
96,Quire,2017-10-16
97,Trudeo,2006-11-07
98,Avavee,2001-08-09
99,Ailane,2014-06-24
100,Buzzbean,2009-10-09
