id,name,birthDate,gender,type
36987-2520,Bernadene,2017-08-28,F,Cat
0378-4472,Tomlin,2019-07-29,M,Dog
55154-6664,Markus,2016-06-28,M,Cat
51079-889,Luis,2014-12-20,M,Bird
43857-0287,Brien,2009-06-19,M,Cat
58836-0972,Osborn,2010-01-27,M,Bird
68084-621,Atlante,2017-07-01,F,Ferret
37000-101,Kip,2011-07-25,M,Hamster
24236-015,Brande,2018-04-16,F,Hamster
49288-0896,Sindee,2011-03-29,F,Dog
58668-5820,Blake,2006-11-15,M,Hamster
55648-545,Odilia,2006-10-29,F,Cat
63736-859,Helyn,2012-01-01,F,Ferret
54868-4558,Lou,2005-11-12,M,Cat
43538-600,Kevan,2016-03-22,M,Hamster
36987-1922,Britte,2015-10-07,F,Dog
43742-0157,Shelley,2013-09-09,M,Dog
49288-0641,Roze,2019-03-30,F,Dog
11118-1102,Bili,2008-06-05,F,Bird
66961-120,Bobbie,2004-05-10,M,Hamster
57955-5015,Nahum,2016-07-20,M,Dog
43857-0170,Robina,2003-10-13,F,Cat
63941-145,Olivie,2012-05-09,F,Dog
36987-1986,Denys,2017-10-24,F,Hamster
67938-2022,Sandro,2013-07-05,M,Ferret
42747-327,Micheil,2018-08-28,M,Ferret
48951-1107,Alexandre,2017-08-14,M,Dog
57237-014,Elberta,2012-04-11,F,Cat
0078-0442,Jackqueline,2018-02-21,F,Hamster
48951-8206,Fernandina,2011-12-14,F,Hamster
52125-574,Jamie,2006-11-28,M,Cat
54569-6043,Latisha,2013-08-13,F,Cat
44224-2000,Ike,2004-04-15,M,Dog
0268-1153,Sherwin,2014-06-19,M,Hamster
57955-1851,Burty,2019-01-03,M,Bird
76369-1001,Rubetta,2004-06-07,F,Ferret
68083-111,Ram,2012-04-16,M,Hamster
42211-102,Courtnay,2017-09-30,M,Dog
58517-240,Murdock,2019-01-16,M,Bird
43353-829,Sonny,2018-04-11,M,Bird
47682-184,L;urette,2005-01-03,F,Bird
54868-5847,Travers,2016-09-24,M,Bird
63304-905,Angelina,2018-10-25,F,Cat
53808-0419,Dougie,2005-08-21,M,Dog
63629-4390,Crosby,2010-03-21,M,Cat
49288-0400,Mirilla,2009-02-19,F,Ferret
41268-612,Chane,2015-08-04,M,Hamster
0904-5962,Donnell,2015-06-08,M,Cat
36987-1381,Harriott,2014-03-31,F,Hamster
55154-5876,Rice,2006-06-19,M,Bird
41268-344,Greer,2012-08-11,F,Cat
65597-107,Conrado,2013-07-30,M,Dog
54868-1796,Prudy,2014-10-04,F,Bird
33992-0113,Stirling,2017-12-28,M,Ferret
62175-486,Hagen,2010-12-20,M,Bird
21130-230,Joelle,2016-02-09,F,Dog
49349-954,Ddene,2016-01-23,F,Ferret
53877-005,Lelia,2006-10-13,F,Ferret
49873-113,Bartram,2008-02-06,M,Hamster
57664-228,Rex,2013-07-07,M,Ferret
56104-001,Adam,2011-07-21,M,Cat
54868-6266,Pavlov,2009-07-21,M,Ferret
66490-691,Gregg,2017-06-25,M,Hamster
65862-005,Bert,2018-06-28,M,Ferret
49738-622,Ernst,2010-01-24,M,Ferret
57337-057,Martie,2012-05-15,M,Dog
43846-0030,Vin,2009-03-16,M,Ferret
58876-107,Paxton,2006-01-19,M,Cat
55154-9384,Phelia,2013-09-11,F,Bird
52124-0106,Delmor,2006-07-07,M,Dog
0591-3508,Tammie,2009-07-11,F,Dog
55289-809,De witt,2012-05-30,M,Cat
75857-0001,Kipp,2003-09-13,M,Cat
42507-056,Duky,2015-02-15,M,Ferret
0363-0006,Ludwig,2011-02-03,M,Ferret
49643-341,Pia,2017-10-04,F,Hamster
55154-9557,Saul,2007-06-09,M,Bird
21695-043,Tallou,2008-09-06,F,Cat
0555-0762,Corbin,2017-09-18,M,Ferret
0378-0553,Paxon,2009-08-25,M,Dog
49035-289,Antons,2008-06-12,M,Ferret
0268-1412,Zabrina,2014-01-25,F,Bird
0406-9920,Dari,2019-01-07,F,Dog
43742-0410,Adara,2018-04-30,F,Dog
68788-9390,Akim,2008-08-15,M,Bird
51206-304,Pavla,2015-08-30,F,Dog
49527-022,Kesley,2011-09-20,F,Cat
59045-1005,Nicol,2014-09-18,F,Cat
21695-711,Everard,2005-07-16,M,Ferret
0186-4050,Jeddy,2013-09-22,M,Cat
49349-280,Correna,2009-02-25,F,Dog
49035-148,Aarika,2010-08-12,F,Hamster
47781-207,Angelita,2009-12-30,F,Ferret
52959-303,Elton,2012-04-14,M,Bird
0228-2530,Berni,2005-08-31,F,Bird
51079-976,Sheila,2018-06-26,F,Cat
68180-481,Judi,2018-02-22,F,Cat
49967-105,Dal,2010-02-26,M,Hamster
55315-102,Tadeo,2016-12-10,M,Dog
41190-074,Laird,2006-07-07,M,Hamster
13913-011,Cirilo,2012-01-01,M,Cat
0009-0049,Pavel,2016-12-10,M,Bird
40057-1001,Shanna,2018-11-08,F,Dog
0363-8203,Herold,2013-01-28,M,Ferret
53208-503,Darya,2007-12-14,F,Hamster
0409-7241,Desirae,2016-11-15,F,Bird
50436-7054,Arte,2017-05-04,M,Cat
52142-001,Janie,2016-07-09,F,Ferret
57664-106,Hana,2016-06-18,F,Dog
10157-9883,Kile,2017-02-08,M,Hamster
65649-511,Billi,2017-01-28,F,Cat
68084-525,Malinde,2017-10-03,F,Cat
37808-637,Corrinne,2007-05-06,F,Dog
52959-130,Teddy,2005-12-25,M,Ferret
63148-558,Myrah,2014-06-20,F,Hamster
56062-873,Isabel,2010-06-22,F,Hamster
65044-2678,Darsey,2015-07-11,F,Dog
49035-023,Bil,2005-07-09,M,Cat
49884-462,Samson,2009-04-14,M,Bird
49999-963,Kial,2010-10-04,F,Hamster
41595-1058,Ebenezer,2013-10-26,M,Hamster
0955-1030,Avie,2013-04-30,F,Dog
47335-727,Rouvin,2018-04-19,M,Bird
36987-2681,Liane,2018-01-09,F,Bird
37000-024,Salmon,2016-05-28,M,Cat
0555-0211,Em,2018-09-25,M,Dog
37000-154,Iseabal,2016-07-30,F,Bird
58394-016,Vanya,2009-09-22,F,Hamster
0904-6214,Kin,2019-05-02,M,Ferret
49035-105,Arther,2007-03-08,M,Hamster
10812-258,Lyndy,2004-02-08,F,Bird
64725-0161,Natalya,2003-11-13,F,Ferret
64117-276,Sallyann,2011-01-26,F,Cat
61957-0511,Aldous,2017-01-18,M,Hamster
52125-817,Jehanna,2014-03-17,F,Ferret
76237-136,Drake,2005-09-04,M,Ferret
37808-368,Matteo,2013-10-21,M,Dog
42912-0153,Kamillah,2012-12-09,F,Ferret
49288-0891,Bertie,2014-08-08,M,Hamster
59899-002,Enrico,2003-12-04,M,Ferret
36987-1714,Esme,2013-01-22,F,Ferret
49349-037,Abby,2007-10-14,F,Hamster
11489-076,Ronny,2013-09-28,F,Ferret
43269-831,Tyler,2005-07-25,M,Ferret
61300-0001,Theobald,2011-07-14,M,Bird
65862-123,Blanch,2017-08-30,F,Cat
68382-140,Waldemar,2018-09-05,M,Hamster
33992-8801,Chere,2007-04-26,F,Cat
44717-533,Mina,2017-09-03,F,Bird
65923-505,Marven,2006-12-27,M,Ferret
43857-0211,Jemmy,2012-07-07,F,Dog
65862-111,Mignonne,2007-07-01,F,Hamster
55154-5762,Emmey,2013-09-24,F,Cat
54868-3713,Frankie,2011-03-08,F,Ferret
36987-1677,Fawnia,2018-11-27,F,Cat
55289-014,Augustina,2008-02-23,F,Bird
63148-225,Hamel,2005-09-06,M,Hamster
37205-960,Fin,2010-08-15,M,Cat
0363-0438,Clemens,2014-12-24,M,Dog
0067-4990,Audre,2008-08-30,F,Ferret
0615-5578,Cindee,2013-12-29,F,Dog
64997-180,Ardyce,2014-09-14,F,Ferret
58668-4281,Samara,2003-10-09,F,Hamster
37808-444,Harbert,2010-07-04,M,Cat
50222-503,Mufinella,2017-10-20,F,Bird
62756-757,Papageno,2006-01-09,M,Hamster
66993-898,Faber,2003-09-12,M,Hamster
54575-949,Cairistiona,2016-12-05,F,Ferret
0535-0011,Dulci,2016-06-09,F,Hamster
61748-014,Inessa,2017-02-03,F,Dog
51079-255,Georgie,2010-03-25,F,Ferret
54838-136,Nelson,2005-08-14,M,Cat
65044-0831,Clari,2012-01-08,F,Cat
41163-751,Dacey,2009-08-13,F,Bird
42002-413,Mollie,2006-10-17,F,Hamster
36800-149,Tedd,2015-03-23,M,Cat
68180-435,Hyacintha,2010-11-01,F,Hamster
52544-981,Jaime,2018-03-16,M,Bird
65044-2415,Stearne,2011-04-14,M,Dog
0268-1398,Adolph,2011-07-27,M,Bird
49999-046,Willi,2005-09-21,F,Bird
0363-0470,Reade,2012-09-24,M,Hamster
68258-6096,Lazare,2003-11-05,M,Bird
60505-2805,Arny,2018-12-31,M,Hamster
52125-217,Talbert,2015-07-15,M,Ferret
36987-2542,Pryce,2005-01-16,M,Bird
59115-065,Guinevere,2015-06-28,F,Ferret
76388-713,Gordie,2012-06-20,M,Hamster
0591-0372,Farrand,2017-10-24,F,Dog
42023-148,Collie,2015-11-05,F,Hamster
33261-060,Mame,2004-12-29,F,Cat
58982-010,Kipp,2012-09-21,F,Ferret
10812-421,Cayla,2009-01-14,F,Ferret
49349-516,Concettina,2012-11-25,F,Hamster
0093-5142,Rosanna,2010-09-13,F,Hamster
58488-003,Michal,2016-09-16,F,Hamster
49349-872,Georgia,2012-04-22,F,Ferret
14783-034,Millicent,2012-06-20,F,Hamster
59779-957,Uri,2010-11-26,M,Cat
59762-5010,Isaak,2015-03-07,M,Hamster
58232-0801,Meier,2011-06-13,M,Dog
54868-4492,Eleonore,2014-07-06,F,Dog
42254-198,Myrilla,2018-07-26,F,Cat
13668-094,Ephrayim,2007-01-11,M,Dog
57687-290,Claudia,2019-05-26,F,Hamster
55154-1830,Francyne,2015-04-14,F,Bird
68258-6019,Haroun,2009-10-25,M,Ferret
17271-408,Abey,2018-06-12,M,Bird
55154-6131,Waring,2011-01-19,M,Dog
59779-006,Coralyn,2017-12-04,F,Bird
55301-291,Conan,2019-06-02,M,Ferret
0615-7654,Abigail,2015-12-10,F,Hamster
61314-044,Benedikt,2009-04-09,M,Bird
50988-174,Happy,2004-12-09,F,Cat
51672-1308,Neille,2008-01-25,F,Ferret
64942-1176,Giulia,2011-10-10,F,Bird
43857-0256,Corby,2004-10-19,M,Dog
10812-152,Myrtia,2017-11-18,F,Hamster
0187-1611,Sabine,2014-09-19,F,Dog
63874-687,Mechelle,2005-01-09,F,Dog
67938-0860,Karlie,2006-04-05,F,Hamster
49349-982,Hayley,2013-04-09,F,Ferret
55111-123,Rutger,2009-11-07,M,Bird
41250-677,Justinian,2006-09-07,M,Bird
0113-0817,Dimitry,2012-12-29,M,Ferret
33261-975,Reuven,2009-02-14,M,Hamster
57520-0367,Modestine,2015-06-23,F,Dog
0280-6070,Earlie,2006-04-16,M,Hamster
55289-436,Ginnie,2010-03-29,F,Cat
0378-6160,Niki,2007-02-24,F,Hamster
43353-852,Gerek,2009-12-03,M,Cat
55154-4988,Biron,2005-04-30,M,Ferret
0187-0771,Johnathon,2005-05-10,M,Cat
76237-269,Abramo,2007-09-25,M,Bird
47593-263,Henrie,2018-09-22,F,Ferret
49035-160,Dona,2008-12-22,F,Bird
41163-561,Wilmette,2011-09-01,F,Hamster
36987-1730,Pooh,2017-10-02,M,Bird
0069-0045,Junina,2014-01-13,F,Hamster
10237-826,Verena,2013-10-25,F,Ferret
10191-1841,Lukas,2005-12-01,M,Ferret
36987-2972,Dorothea,2013-06-11,F,Ferret
41190-047,Rustin,2008-01-05,M,Dog
21695-319,Bessie,2016-12-02,F,Hamster
34362-0235,Laurence,2015-09-02,M,Bird
64980-196,Ilka,2004-11-21,F,Cat
16590-002,Cate,2011-06-10,F,Hamster
66993-186,Donny,2012-07-07,F,Ferret
55154-4938,Skipper,2008-10-23,M,Bird
36987-1141,Natty,2013-04-24,M,Hamster
51389-112,Katinka,2008-12-06,F,Hamster
10742-8596,Lib,2018-06-23,F,Cat
63941-238,Alec,2005-01-15,M,Ferret
60512-6162,Keelby,2019-04-17,M,Ferret
49580-0413,Ethelred,2006-02-10,M,Dog
63539-021,Devin,2006-07-04,F,Ferret
10144-606,Collete,2004-07-06,F,Bird
24385-976,Caldwell,2014-06-19,M,Bird
21695-975,Klarrisa,2004-03-10,F,Hamster
57520-0544,Etan,2005-12-22,M,Cat
65862-327,Toddy,2006-06-10,M,Cat
60533-010,Sandy,2015-11-21,M,Ferret
33261-707,Olia,2019-04-19,F,Cat
58914-019,Joletta,2016-12-25,F,Bird
54868-4671,Valerye,2010-09-12,F,Hamster
66467-2130,Moss,2017-11-16,M,Dog
35356-011,Robyn,2009-01-06,F,Bird
61380-278,Marni,2013-07-07,F,Hamster
0944-2845,Blair,2007-09-30,F,Cat
60505-6093,Winna,2006-04-24,F,Cat
59351-0320,Pen,2017-05-23,F,Cat
50332-0118,Guillermo,2017-09-07,M,Ferret
0245-0085,Nefen,2013-03-19,M,Ferret
0143-9873,Remington,2014-01-27,M,Ferret
0085-1385,Rey,2014-04-12,F,Ferret
41520-057,Lynnette,2011-04-05,F,Cat
55154-1276,Noreen,2017-03-29,F,Cat
49349-607,Bar,2012-03-29,M,Ferret
50988-272,Harley,2004-12-24,F,Ferret
30698-423,Hephzibah,2016-10-22,F,Ferret
0002-4772,Libby,2015-01-18,F,Cat
24208-463,Leupold,2004-04-25,M,Cat
55154-5985,Say,2006-05-08,M,Ferret
57520-0392,Karolina,2013-01-05,F,Ferret
49288-0767,Taddeusz,2010-11-07,M,Dog
59062-1062,Dario,2009-10-10,M,Cat
68180-303,Etienne,2009-02-16,M,Bird
66336-059,Bernardo,2019-03-12,M,Bird
35356-317,Brinna,2018-09-18,F,Cat
63323-128,Ronalda,2010-01-14,F,Dog
68428-743,Agace,2007-02-02,F,Hamster
0615-2519,Nicoline,2004-03-10,F,Dog
0597-0024,Ellery,2009-12-26,M,Cat
55390-310,Corine,2007-07-14,F,Dog
0179-0140,Abbi,2014-04-12,F,Hamster
63354-350,Quintus,2009-04-06,M,Ferret
0363-0405,Berte,2015-08-03,F,Bird
76354-109,Gris,2014-11-29,M,Hamster
21695-102,Dorita,2018-12-09,F,Cat
49404-116,Gav,2007-09-17,M,Cat
68001-241,Cinda,2019-08-16,F,Cat
43063-372,Alvina,2010-01-08,F,Bird
55111-221,Marji,2008-05-23,F,Cat
68788-9827,Rudiger,2019-03-03,M,Ferret
0172-3925,Etta,2012-06-03,F,Hamster
55504-0230,Crosby,2015-06-11,M,Ferret
55154-2625,Muhammad,2004-05-27,M,Dog
65954-049,Faythe,2010-03-07,F,Dog
0093-7701,Daryl,2008-11-02,M,Bird
51367-007,Raynard,2006-02-10,M,Bird
49884-762,Rania,2010-02-22,F,Ferret
0037-6824,Irina,2004-01-27,F,Hamster
76074-152,Roselia,2015-12-20,F,Cat
62756-218,Calvin,2015-03-20,M,Dog
76450-050,Cornela,2016-08-25,F,Cat
54569-6121,Odetta,2015-02-02,F,Ferret
50474-808,Adora,2013-03-01,F,Dog
0126-0024,Dede,2017-09-18,F,Ferret
48951-8132,Vinny,2015-02-28,M,Dog
51645-601,Margi,2009-07-25,F,Cat
0904-6410,Bradan,2005-12-02,M,Cat
50383-249,Bryn,2014-11-11,M,Cat
55714-4528,Claribel,2005-06-24,F,Dog
63783-011,Dyan,2010-09-03,F,Hamster
36987-2438,Arnoldo,2014-12-18,M,Cat
36987-3301,Rustie,2009-11-11,M,Hamster
0615-6564,Jamison,2011-08-20,M,Cat
64942-1155,Brittani,2017-01-16,F,Hamster
37205-308,Alisha,2006-05-26,F,Ferret
59762-0046,Shaun,2019-03-06,M,Cat
63323-013,Hulda,2016-02-14,F,Bird
49035-206,Hamlen,2017-11-25,M,Dog
55910-180,Shirl,2016-05-15,F,Bird
52183-369,Eba,2015-11-28,F,Dog
42719-346,Lenard,2018-10-14,M,Hamster
57955-1271,Ferd,2014-01-25,M,Hamster
63187-107,Lowe,2011-03-27,M,Dog
54868-5945,Creighton,2010-04-09,M,Ferret
49348-851,Clarke,2013-01-04,M,Cat
48102-103,Constantina,2003-09-19,F,Cat
68016-532,Malchy,2017-05-31,M,Dog
63868-811,Herrick,2007-08-02,M,Cat
49349-259,Miltie,2018-12-18,M,Hamster
52124-1000,Carla,2006-03-08,F,Bird
10096-0155,Angel,2016-10-06,M,Cat
34460-6002,Beaufort,2011-02-11,M,Cat
0054-0079,Kahlil,2015-11-14,M,Hamster
49349-704,Seline,2016-02-23,F,Hamster
59262-361,Celka,2009-01-25,F,Ferret
49349-268,Wade,2006-09-03,M,Bird
25021-823,Northrup,2009-01-25,M,Ferret
57955-1751,Maggy,2014-04-03,F,Cat
68084-415,Merle,2012-12-08,F,Cat
53746-466,Dorisa,2016-01-28,F,Ferret
49288-0052,Leesa,2007-06-04,F,Bird
0574-7226,Brandy,2013-01-05,M,Cat
35356-780,Moll,2016-02-22,F,Bird
14290-571,Sheilakathryn,2006-07-07,F,Ferret
36987-1577,Murvyn,2011-12-11,M,Cat
57687-304,Neila,2012-05-22,F,Ferret
67253-741,Madelyn,2018-05-16,F,Hamster
68151-0245,Jamaal,2018-05-13,M,Ferret
0273-7007,Giuseppe,2014-07-14,M,Hamster
0378-4150,Davy,2014-04-27,M,Ferret
48951-1164,Jennee,2010-01-21,F,Dog
0781-3121,Angelique,2012-07-06,F,Dog
0641-6154,Chico,2010-05-22,M,Hamster
43063-053,Portie,2014-01-21,M,Bird
37205-575,Kasper,2003-10-23,M,Cat
49738-150,Tudor,2009-02-01,M,Ferret
59212-700,Diane,2018-02-05,F,Ferret
55154-2365,Clayton,2006-01-12,M,Dog
14783-453,Alva,2004-09-12,M,Hamster
68258-3031,Yuma,2018-06-30,M,Cat
10191-1873,Caitlin,2009-03-04,F,Hamster
43742-0018,Berri,2006-10-30,F,Hamster
55504-0100,Hamel,2008-03-16,M,Cat
17856-0823,Jermayne,2006-12-08,M,Bird
15127-962,Reagen,2016-05-02,M,Cat
31722-713,Darwin,2004-11-26,M,Ferret
58443-0021,Shari,2008-11-05,F,Ferret
0268-6506,Kristen,2007-02-16,F,Bird
17089-385,Donetta,2009-02-26,F,Bird
63736-016,Ernaline,2004-02-04,F,Bird
15127-835,Edward,2008-02-17,M,Bird
53329-801,Louisette,2012-02-29,F,Ferret
0517-2053,Baryram,2004-02-09,M,Hamster
37012-484,Jillana,2013-03-31,F,Hamster
13537-404,Ariel,2018-12-05,M,Bird
55910-328,Loni,2018-04-08,F,Ferret
76126-047,Gardy,2004-08-25,M,Ferret
55648-964,Normand,2010-11-19,M,Cat
63868-694,Daryl,2010-07-31,M,Hamster
58118-0353,Denys,2006-11-18,F,Ferret
43063-471,Wendye,2008-12-10,F,Ferret
0363-0271,Mignonne,2011-09-01,F,Hamster
36987-3351,Zoe,2017-06-09,F,Ferret
50268-686,Burl,2012-01-04,M,Hamster
55111-148,Susan,2005-10-16,F,Ferret
55700-020,Rod,2009-08-14,M,Cat
16714-207,Had,2015-08-14,M,Dog
49288-0885,Phedra,2014-03-06,F,Dog
52125-518,Lawrence,2015-12-20,M,Hamster
11822-0456,Haskel,2009-10-23,M,Bird
33332-014,Bone,2008-01-12,M,Hamster
0615-0170,Gram,2009-05-26,M,Dog
10889-106,Mattie,2005-05-02,M,Bird
68084-736,Bobbie,2015-10-03,M,Ferret
64679-185,Templeton,2009-12-16,M,Ferret
49349-527,Rhoda,2011-03-29,F,Ferret
65044-0611,Mordecai,2018-04-18,M,Cat
58118-5008,Orin,2004-12-19,M,Dog
49288-0491,Jule,2015-05-16,M,Hamster
61578-305,Cally,2005-06-26,F,Ferret
10542-010,Iolanthe,2011-12-05,F,Ferret
48951-7098,Zedekiah,2016-05-21,M,Ferret
0062-5356,Levon,2018-05-12,M,Bird
49884-835,Ursala,2016-05-19,F,Cat
30142-456,Rochester,2010-08-24,M,Ferret
57472-004,Annabella,2009-07-20,F,Dog
68479-313,Ruth,2003-12-09,F,Dog
53041-403,Marji,2018-08-31,F,Dog
63548-6352,Sharia,2014-08-06,F,Hamster
67296-0595,Northrup,2016-12-15,M,Hamster
0904-6406,Nancee,2016-10-29,F,Ferret
63629-3739,Rogers,2011-07-18,M,Hamster
52125-243,Melany,2019-06-27,F,Bird
51619-500,Anna-diana,2018-08-23,F,Ferret
36800-519,Lemuel,2017-10-08,M,Bird
0078-0360,Meade,2005-10-01,F,Bird
0378-1051,Bentley,2005-02-03,M,Dog
0378-2076,Curtis,2013-11-18,M,Dog
51079-386,Averyl,2006-11-07,F,Ferret
0363-4015,Tiffie,2009-07-24,F,Bird
52125-488,Elwood,2015-10-23,M,Hamster
64725-0993,Marti,2011-02-17,F,Cat
0268-6105,Goldi,2007-06-11,F,Dog
51655-112,Pepe,2013-10-12,M,Hamster
0603-4230,Delainey,2018-01-02,M,Hamster
49035-222,Kele,2010-10-13,M,Dog
62802-390,Nikita,2011-01-31,M,Cat
68462-153,Ashia,2016-02-06,F,Cat
36987-2681,Adrianne,2013-12-09,F,Cat
35356-542,Mersey,2011-10-29,F,Dog
53877-001,Lissi,2014-07-15,F,Ferret
60760-406,Layton,2017-11-21,M,Ferret
49349-563,Perkin,2014-05-30,M,Bird
0904-6345,Brynne,2019-02-17,F,Ferret
59279-505,Derick,2019-07-04,M,Bird
59078-045,Enrichetta,2005-06-05,F,Ferret
55910-255,Adolphe,2016-05-29,M,Ferret
55390-021,Connie,2009-03-22,M,Bird
0338-0003,Amata,2004-08-18,F,Ferret
54868-2391,Lesya,2010-05-11,F,Cat
43742-0057,Gloria,2015-04-28,F,Cat
61957-1113,Matti,2006-10-30,F,Bird
41520-255,Noel,2016-02-18,F,Cat
36800-479,Richie,2016-03-01,M,Hamster
10481-0112,Wilmette,2012-04-13,F,Hamster
60681-1295,Karlis,2011-10-16,M,Hamster
33261-222,Quinton,2012-09-13,M,Cat
10147-0882,Jenn,2018-12-24,F,Ferret
0615-7638,Rochella,2004-11-26,F,Dog
0268-0279,Graig,2006-01-06,M,Dog
36987-2735,Gris,2006-08-24,M,Dog
36987-3017,Gibby,2015-10-05,M,Ferret
62839-1455,Carissa,2014-06-04,F,Bird
0409-2266,Pippa,2010-07-14,F,Hamster
0268-1477,Adam,2018-10-14,M,Hamster
50436-0924,Bettina,2006-07-06,F,Hamster
0904-7927,Jacobo,2011-08-15,M,Hamster
0378-0040,Leia,2012-06-13,F,Ferret
53346-1307,Demetris,2010-02-15,M,Bird
12546-316,Abrahan,2014-03-30,M,Ferret
50436-0160,Van,2006-04-30,F,Bird
49884-021,Jamil,2016-04-13,M,Hamster
16714-392,Shaine,2018-07-22,F,Ferret
0113-0958,Kessia,2010-09-02,F,Hamster
13811-641,Caleb,2011-06-28,M,Bird
63868-980,Christophe,2010-10-19,M,Hamster
68391-238,Dickie,2007-01-06,M,Dog
13537-248,Beck,2005-12-16,M,Cat
68428-075,Marice,2014-11-19,F,Ferret
58118-1303,Reiko,2014-04-07,F,Cat
58118-0015,Caitrin,2010-05-11,F,Ferret
50242-135,Jillene,2019-04-18,F,Ferret
64205-640,Magnum,2018-01-02,M,Cat
37012-852,Emmet,2006-08-30,M,Hamster
49314-5801,Nilson,2007-01-25,M,Dog
0591-5789,Germana,2016-08-27,F,Dog
55154-2860,Karim,2012-09-30,M,Bird
57520-0178,Kalila,2019-06-01,F,Hamster
68745-1153,Denys,2004-12-12,M,Bird
48951-1203,Aurelie,2005-11-10,F,Bird
46123-023,Chris,2003-11-03,F,Cat
50580-730,Alidia,2010-10-02,F,Bird
58232-6002,Nil,2011-03-23,M,Dog
54868-1795,Sheri,2006-01-12,F,Dog
60867-103,Sullivan,2005-06-26,M,Ferret
60512-8036,Kendall,2017-01-19,M,Cat
14783-105,Archibald,2017-07-24,M,Cat
0003-6337,Arlin,2019-02-08,M,Bird
42627-203,Rollo,2017-01-01,M,Dog
11822-3025,Mamie,2015-10-29,F,Bird
64117-280,Sapphire,2017-02-18,F,Cat
60505-0159,Adeline,2004-05-25,F,Hamster
65342-1230,Gawen,2006-01-17,M,Cat
65044-2631,Isabelle,2015-04-16,F,Cat
54575-105,Darcy,2010-12-28,M,Hamster
13630-0021,Iris,2016-01-05,F,Dog
33261-389,Lorena,2019-05-29,F,Cat
21695-613,Arman,2018-01-23,M,Dog
63323-398,Chad,2010-09-23,M,Dog
55045-3817,Hubert,2013-09-13,M,Ferret
41520-116,Lynde,2015-10-21,F,Hamster
68180-447,Taddeo,2017-11-13,M,Cat
58118-4018,Barney,2004-11-09,M,Cat
68382-121,Berri,2007-03-10,F,Hamster
63629-4851,Conan,2005-02-03,M,Cat
16714-357,Bari,2009-08-10,F,Dog
51672-2062,Nealon,2008-07-03,M,Dog
62802-222,Beverlie,2005-05-12,F,Ferret
55319-529,Kissee,2004-04-09,F,Bird
51393-6446,Tony,2009-09-26,F,Dog
60760-420,Zuzana,2014-08-13,F,Dog
0338-1019,Uri,2019-01-17,M,Dog
24385-549,Mariya,2007-03-31,F,Hamster
51079-891,Rafi,2006-03-27,M,Hamster
50436-4233,Rabi,2015-08-22,M,Dog
52533-042,Danette,2014-10-06,F,Bird
43538-250,Paco,2008-12-13,M,Dog
49288-0711,Margarete,2007-09-12,F,Ferret
41190-094,Benni,2007-11-03,F,Cat
16590-381,Ginni,2014-12-03,F,Hamster
0074-5682,Rosamund,2008-01-14,F,Bird
50268-689,Tasha,2006-10-18,F,Ferret
10191-1941,Chaunce,2005-04-09,M,Ferret
43074-208,Kalli,2009-01-29,F,Bird
66715-9732,Cindra,2017-01-28,F,Hamster
45802-975,Leta,2004-02-26,F,Hamster
55714-2284,Hillard,2013-04-17,M,Hamster
0904-6347,Dolorita,2005-05-26,F,Hamster
41520-005,Ophelie,2004-10-17,F,Bird
75983-738,Maxim,2018-08-03,M,Cat
0409-6030,Elke,2015-07-26,F,Ferret
33992-1136,Wileen,2010-06-23,F,Cat
64616-086,Dania,2013-08-29,F,Bird
21695-202,Wesley,2008-10-22,M,Ferret
66336-834,Lise,2008-01-09,F,Cat
0299-3913,Griffie,2014-08-17,M,Hamster
51672-1296,Pennie,2018-10-02,M,Ferret
51500-001,Melany,2013-12-06,F,Cat
63824-412,Lionel,2017-05-25,M,Bird
63941-526,Ami,2014-12-23,F,Bird
0185-0022,Kyle,2018-05-19,M,Hamster
49035-235,Lindon,2010-04-06,M,Dog
43199-020,Leslie,2008-02-16,M,Dog
55154-4731,Jody,2017-10-30,M,Hamster
59779-328,Courtnay,2007-07-06,F,Bird
0781-1032,Lena,2005-03-08,F,Cat
36987-2781,Millicent,2014-06-15,F,Cat
49349-082,Tedd,2011-12-29,M,Hamster
33992-1411,Marylin,2014-04-15,F,Hamster
0456-2020,Conny,2004-01-08,F,Hamster
65862-550,Travis,2016-04-25,M,Hamster
44924-005,Rose,2017-01-23,F,Hamster
0135-0462,Dougy,2012-09-18,M,Hamster
52685-431,Leesa,2012-09-22,F,Dog
46122-262,Trefor,2003-08-30,M,Dog
51435-001,Mord,2006-04-22,M,Hamster
0574-0823,Concordia,2004-01-25,F,Hamster
16853-1307,Valera,2010-06-28,F,Dog
49288-0647,Diane-marie,2008-05-11,F,Cat
0009-3331,Kort,2018-05-27,M,Dog
54575-923,Walker,2004-08-03,M,Ferret
21695-685,Flemming,2012-02-05,M,Cat
36987-3066,Trula,2016-07-02,F,Cat
66336-916,Warren,2012-10-25,M,Dog
52959-049,Alane,2004-08-11,F,Ferret
59779-731,Ramon,2011-06-22,M,Bird
0268-6621,Dane,2017-01-06,M,Ferret
0115-1494,Brittni,2016-07-29,F,Cat
54868-6042,Kippy,2007-11-06,M,Bird
70253-470,Aldric,2008-07-10,M,Bird
33261-048,Prentiss,2014-03-18,M,Bird
0002-4420,Sheela,2007-03-21,F,Cat
68382-096,Royal,2003-11-20,M,Ferret
68998-343,Elayne,2010-02-16,F,Bird
10157-9012,Augusta,2010-04-20,F,Ferret
57469-005,Burton,2004-01-04,M,Ferret
56136-001,Nora,2016-10-03,F,Bird
21695-361,Xylina,2010-11-29,F,Bird
36987-3380,Jeanette,2007-06-20,F,Cat
39822-0171,Lorain,2008-06-18,F,Ferret
55714-1113,Brandi,2004-11-01,F,Dog
55316-437,Mora,2008-12-26,F,Bird
63481-435,Hestia,2015-02-24,F,Cat
68258-7160,Romona,2006-07-10,F,Bird
29500-7020,Marika,2018-10-21,F,Cat
13537-325,Doralynne,2018-12-31,F,Bird
53877-001,Wendi,2011-10-20,F,Bird
51346-047,Dania,2004-10-05,F,Bird
42858-802,Maryanna,2008-01-22,F,Cat
16714-354,Byran,2012-06-04,M,Cat
24236-070,Hillard,2009-02-02,M,Dog
49288-0819,Drew,2008-05-14,M,Cat
17478-327,Husain,2006-07-14,M,Hamster
54868-0262,Gabriela,2010-04-07,F,Ferret
0363-4009,Alexis,2018-10-20,M,Hamster
51143-439,Cherise,2019-02-26,F,Bird
50544-006,Alexis,2013-11-07,M,Hamster
43199-021,Lee,2007-04-06,M,Ferret
49349-561,Sutherland,2014-05-27,M,Dog
64578-0062,Aindrea,2011-03-28,F,Cat
36987-1951,Barn,2018-08-04,M,Hamster
52125-451,Rowland,2015-06-15,M,Hamster
68084-443,Hanni,2010-02-05,F,Hamster
49738-908,Sarette,2005-04-22,F,Bird
51009-207,Mathias,2011-08-16,M,Bird
0527-1414,Bartholomeus,2010-12-30,M,Bird
59779-404,Hebert,2009-07-16,M,Bird
16590-191,Gilemette,2011-08-12,F,Ferret
54868-3873,Cameron,2012-04-07,M,Dog
65841-739,Oswell,2009-12-03,M,Ferret
68428-119,Sigfrid,2009-06-11,M,Dog
12634-171,Reginald,2016-12-15,M,Cat
76282-271,Eleonora,2012-04-23,F,Ferret
75916-0635,Lorita,2006-06-14,F,Dog
54194-268,Davey,2007-03-02,M,Dog
58668-2871,Pavlov,2017-08-31,M,Cat
57670-000,Reynard,2008-01-26,M,Hamster
50268-081,Reinaldo,2015-08-22,M,Ferret
55711-069,Gran,2016-07-31,M,Hamster
10544-534,Pooh,2014-02-16,M,Dog
66336-341,Marius,2005-05-08,M,Bird
50436-3332,Pebrook,2012-06-28,M,Ferret
58767-722,Kelli,2013-11-15,F,Cat
59390-206,Ardene,2004-05-12,F,Bird
49571-001,Viole,2015-01-21,F,Bird
66116-361,Gabey,2010-10-18,F,Hamster
43063-367,Maryl,2017-04-16,F,Cat
76173-1001,Kimmy,2008-03-11,F,Bird
55045-1173,Montgomery,2007-06-15,M,Bird
41163-437,Drud,2018-04-30,M,Bird
52069-100,Gustavo,2007-06-21,M,Hamster
10812-434,Donn,2009-05-27,M,Ferret
33261-454,Loraine,2018-10-30,F,Hamster
21695-494,Edgard,2008-02-10,M,Bird
61821-051,Balduin,2018-10-25,M,Hamster
42254-077,Clevie,2009-10-25,M,Ferret
13537-606,Rosalind,2008-10-31,F,Dog
68703-139,Ericka,2018-03-30,F,Hamster
57520-0922,Skylar,2014-05-30,M,Dog
23155-103,Everard,2006-01-30,M,Dog
33261-842,Thomasa,2017-01-16,F,Hamster
16590-251,Sherwynd,2010-11-27,M,Ferret
10157-9875,Nathanial,2014-01-09,M,Ferret
24477-030,Cary,2008-12-31,M,Cat
0603-1378,Lockwood,2018-04-25,M,Ferret
42291-231,Konstantine,2008-07-16,M,Dog
21130-517,Lora,2007-03-14,F,Ferret
51209-003,Arron,2004-11-23,M,Ferret
76270-109,Yoko,2010-10-13,F,Ferret
0378-4472,Robyn,2017-09-02,F,Cat
59779-524,Christalle,2014-07-05,F,Cat
14783-271,Yoshi,2011-07-15,F,Dog
59779-039,Tedd,2008-07-13,M,Dog
60681-1807,Karry,2004-05-12,F,Ferret
0955-1025,Elna,2012-03-13,F,Bird
49281-014,Giuditta,2018-03-04,F,Bird
62011-0187,Helenka,2004-03-24,F,Dog
55154-1579,Karola,2012-02-02,F,Dog
68828-062,Arlina,2017-12-27,F,Cat
55111-681,Antoine,2003-11-07,M,Hamster
0132-0655,Annetta,2010-02-16,F,Dog
49288-0240,Hewie,2012-02-03,M,Cat
0093-5562,Thatch,2019-06-10,M,Cat
11822-0619,Pren,2010-03-30,M,Ferret
54868-1959,Erl,2015-01-31,M,Dog
62839-1254,Cesar,2018-05-04,M,Bird
63187-060,Salvador,2004-04-09,M,Cat
47918-048,Genevra,2014-08-24,F,Bird
37000-164,Silvain,2012-07-23,M,Ferret
0378-2660,Robby,2008-11-22,M,Hamster
43269-816,Dud,2008-07-03,M,Bird
59779-871,Todd,2014-09-11,M,Dog
49349-383,Flem,2019-02-14,M,Bird
31382-898,Brnaba,2012-07-16,M,Dog
58356-002,Tallulah,2013-08-23,F,Hamster
60505-0115,Guntar,2015-12-14,M,Bird
0904-6310,Pascal,2007-11-01,M,Hamster
68084-030,Hermione,2014-03-26,F,Hamster
0603-4991,Taite,2003-11-09,M,Bird
49999-439,Nicol,2008-09-21,M,Hamster
60505-2870,Ddene,2012-04-06,F,Hamster
59779-012,Nickolas,2016-06-27,M,Hamster
68645-430,Wye,2006-11-18,M,Hamster
53150-336,Wye,2008-01-20,M,Cat
50532-112,Katharine,2014-10-07,F,Ferret
50653-4001,Tedie,2005-03-10,M,Cat
46783-121,Colby,2006-06-17,M,Dog
11673-437,Kym,2015-06-13,F,Bird
62584-265,Gilberto,2017-07-28,M,Bird
0703-5657,Aeriel,2008-09-13,F,Ferret
0517-4930,Cris,2003-10-04,M,Dog
41520-016,Nikita,2019-05-15,M,Cat
10678-004,Chanda,2005-05-01,F,Bird
0187-5183,Melvyn,2018-11-30,M,Cat
0115-1911,Glory,2004-09-25,F,Bird
58356-001,Floria,2012-10-05,F,Bird
60512-6350,Casi,2010-05-24,F,Dog
0591-2368,Win,2010-10-01,M,Bird
0904-6096,Jase,2015-01-18,M,Cat
0574-0872,Ky,2006-02-14,M,Hamster
52686-251,Tedd,2016-02-02,M,Hamster
56062-281,Morgan,2008-02-14,M,Dog
76237-296,Davine,2018-07-02,F,Cat
36987-3129,Hamid,2006-02-12,M,Ferret
36987-2122,Ajay,2015-02-03,F,Ferret
49283-005,Lenka,2017-09-09,F,Cat
36987-2888,Matilde,2010-12-27,F,Hamster
65460-3111,Aksel,2010-04-09,M,Ferret
37205-204,Hayyim,2004-05-18,M,Ferret
0615-1354,Lucky,2007-07-15,F,Cat
51079-943,Cosetta,2004-10-02,F,Hamster
48951-8099,Rancell,2011-04-05,M,Ferret
11673-831,Jodee,2012-06-19,F,Hamster
57884-2021,Elisabetta,2003-09-02,F,Ferret
61481-0590,Fernanda,2010-06-07,F,Dog
37000-616,Nappie,2003-12-22,M,Cat
67692-148,Franni,2018-07-04,F,Cat
10812-068,Lenka,2013-05-07,F,Cat
0069-0201,Omar,2015-06-30,M,Hamster
76358-192,Adele,2009-12-15,F,Hamster
36987-3047,Lib,2016-04-16,F,Hamster
51285-092,Ettore,2007-11-05,M,Hamster
57520-0249,Merv,2015-08-03,M,Bird
65649-102,Teodorico,2015-11-16,M,Hamster
66472-026,Steven,2016-10-19,M,Bird
43857-0291,Talyah,2011-06-01,F,Dog
62011-0192,Lusa,2016-01-26,F,Cat
36987-3086,Hatty,2009-03-31,F,Ferret
63629-4179,Aurthur,2004-09-24,M,Cat
13668-039,Koralle,2015-01-28,F,Cat
61515-101,Sandi,2009-01-13,F,Hamster
51660-423,Bertrando,2014-04-22,M,Hamster
54868-6036,Saul,2009-06-11,M,Ferret
37000-654,Crystie,2008-12-01,F,Bird
41163-691,Kyla,2014-10-14,F,Dog
36800-946,Antonina,2007-06-12,F,Hamster
55910-304,Eward,2016-04-16,M,Hamster
0093-9477,Lilla,2010-07-25,F,Hamster
68258-7047,Tildi,2014-07-28,F,Ferret
58370-7001,Corney,2009-05-05,M,Ferret
0430-6201,Matthieu,2015-12-10,M,Ferret
47682-190,Arin,2015-02-20,M,Dog
55154-9405,Ezequiel,2006-02-20,M,Bird
51329-2001,Dosi,2012-12-30,F,Dog
68788-9877,Lilah,2009-03-02,F,Dog
0591-3249,Gilberto,2012-05-07,M,Dog
58162-100,Monro,2014-10-03,M,Hamster
54868-5110,Morten,2004-03-01,M,Dog
51672-4013,Heidie,2010-11-07,F,Hamster
42254-239,Sig,2016-11-29,M,Ferret
42023-115,Carmel,2017-11-10,F,Cat
50383-803,Brenden,2014-08-05,M,Ferret
55315-730,Eward,2005-08-09,M,Dog
67877-171,Gan,2006-05-15,M,Bird
50390-707,Vachel,2007-04-04,M,Ferret
63783-015,Hadley,2009-09-24,M,Dog
0168-0346,Gabriel,2006-07-11,M,Bird
0781-9413,Callie,2012-01-17,F,Bird
55316-205,Celestyn,2014-06-26,F,Dog
48407-0007,Alta,2010-06-14,F,Hamster
41163-236,Michal,2011-11-03,F,Ferret
42884-442,Hanny,2016-10-09,F,Dog
68391-319,Quintana,2006-08-12,F,Ferret
63146-117,Nels,2014-12-31,M,Bird
49348-443,Kristy,2014-01-23,F,Cat
42507-308,Mervin,2018-10-11,M,Bird
63824-600,Jerrilyn,2019-01-28,F,Bird
0409-6660,Joya,2008-12-31,F,Hamster
76279-420,Aile,2011-06-02,F,Hamster
10096-0082,Aguie,2018-09-26,M,Dog
13310-119,Otto,2011-03-08,M,Bird
55289-809,Lockwood,2004-01-08,M,Bird
66312-540,Ernesta,2010-02-26,F,Dog
55143-103,Gilberto,2012-11-23,M,Dog
28105-149,Xavier,2007-12-08,M,Dog
48951-8031,Josee,2007-04-10,F,Cat
24338-300,Carter,2009-08-31,M,Cat
0904-5721,Euell,2017-08-17,M,Dog
53808-0453,Ulric,2008-08-22,M,Cat
52125-727,Gal,2016-11-21,M,Dog
35356-686,Sheppard,2008-09-24,M,Cat
49643-818,Michel,2014-06-07,F,Ferret
51452-003,Annamarie,2011-11-12,F,Cat
55319-999,Trumaine,2009-05-01,M,Hamster
76166-002,Fayina,2018-04-29,F,Bird
54973-9146,Betteanne,2003-12-31,F,Ferret
55910-620,Pen,2012-12-16,F,Bird
41167-0073,Peter,2016-03-29,M,Ferret
52125-910,Jerrine,2017-06-16,F,Hamster
34666-131,Biddy,2019-04-08,F,Ferret
60913-018,Janette,2012-12-08,F,Bird
76329-3301,Danni,2019-05-09,F,Hamster
55316-974,Karoly,2006-07-08,F,Bird
76351-100,Curry,2004-05-04,M,Bird
55289-096,Geneva,2014-01-16,F,Hamster
61748-400,Jocko,2015-10-18,M,Hamster
65862-081,Fair,2007-01-17,M,Cat
49825-114,Yehudit,2016-12-02,M,Dog
49643-450,Burt,2010-03-16,M,Ferret
49738-544,Issiah,2016-06-19,M,Hamster
65342-1395,Gusella,2012-07-20,F,Hamster
0173-0822,Iris,2005-09-21,F,Bird
65044-2014,Levin,2015-10-06,M,Dog
0031-8721,Janith,2007-02-14,F,Dog
65601-717,Tessa,2006-03-02,F,Cat
60505-2546,Raffarty,2016-09-07,M,Hamster
52686-242,Jo,2005-01-18,M,Hamster
68258-6023,Tito,2005-10-06,M,Hamster
55289-110,Domenico,2017-12-18,M,Ferret
52959-824,Nefen,2005-08-17,M,Dog
54300-0001,Clementius,2015-08-14,M,Cat
57664-056,Reiko,2013-03-17,F,Hamster
55154-2415,Alyssa,2016-05-13,F,Bird
41520-807,Arri,2016-01-05,M,Hamster
15338-211,Silvana,2003-09-06,F,Hamster
0641-6103,Morty,2014-12-27,M,Ferret
76159-002,Thaddeus,2014-03-20,M,Bird
37808-471,Adam,2015-08-01,M,Dog
55390-021,Alfred,2013-05-26,M,Dog
62670-4383,Lucretia,2013-04-06,F,Bird
51414-800,Tad,2018-10-24,M,Dog
58479-005,Hadley,2004-03-13,M,Cat
0143-9722,Rafaela,2017-10-18,F,Ferret
55926-0022,Dinnie,2009-10-26,F,Ferret
25021-671,Vernon,2004-02-12,M,Ferret
54569-3405,Filip,2008-08-15,M,Hamster
51386-710,Mathilde,2004-05-20,F,Bird
55648-922,Neel,2012-09-30,M,Cat
43419-503,Velma,2012-12-24,F,Cat
54868-4155,Kate,2008-10-04,F,Hamster
60505-2607,Jennee,2013-07-07,F,Bird
54868-1036,Jsandye,2018-10-13,F,Ferret
36800-109,Mariska,2008-03-16,F,Dog
49288-0821,Lammond,2016-03-23,M,Bird
52125-608,Caleb,2006-11-07,M,Dog
59762-1702,Dacie,2019-04-27,F,Cat
36987-2414,Del,2017-02-28,M,Hamster
41250-631,Augusto,2019-02-24,M,Bird
49349-494,Ephrayim,2011-10-29,M,Bird
50021-305,Rufus,2007-05-13,M,Cat
13537-157,Derwin,2004-12-18,M,Cat
48951-7042,Briant,2008-10-18,M,Ferret
55154-2353,Monroe,2009-03-10,M,Bird
13925-167,Avrom,2010-07-02,M,Cat
55154-5034,Eberto,2008-02-04,M,Dog
76237-110,Jeramie,2004-06-24,M,Ferret
52007-200,Rab,2019-03-04,M,Hamster
76296-005,Tamarra,2003-12-15,F,Ferret
24488-008,Sigrid,2005-12-29,F,Dog
0268-1234,Hermione,2014-04-07,F,Hamster
68382-422,Davida,2009-09-05,F,Dog
29500-8040,Care,2012-05-30,M,Bird
41163-157,Lilias,2006-09-06,F,Dog
17271-507,Jilly,2014-09-03,F,Hamster
59779-618,Heall,2015-07-17,M,Ferret
0615-3541,Loydie,2011-05-25,M,Ferret
55154-0130,Marijn,2017-07-10,M,Ferret
24385-460,Maureen,2015-08-16,F,Bird
55118-225,Dewain,2013-06-18,M,Dog
37000-037,Maureen,2009-08-16,F,Hamster
0338-0114,Brandon,2015-04-25,M,Ferret
59898-205,Chiquia,2010-10-27,F,Cat
59779-401,Cammy,2013-07-04,M,Ferret
0067-6395,Hew,2018-05-27,M,Ferret
65923-004,Linc,2009-01-02,M,Ferret
55154-4709,Birk,2009-11-11,M,Hamster
0268-6124,Ulrick,2012-04-16,M,Hamster
43742-0498,Sibley,2019-06-04,F,Bird
0268-6538,Winny,2005-11-15,M,Dog
41520-113,Kerby,2013-11-06,M,Ferret
57687-919,Hollis,2013-10-13,M,Ferret
54868-4987,Alanson,2009-07-21,M,Ferret
17478-714,Hailee,2016-04-10,F,Hamster
49349-675,Gun,2018-03-05,M,Bird
33237-002,Kylie,2018-02-15,M,Dog
63354-960,Quinta,2013-08-10,F,Ferret
55118-555,Nertie,2007-05-29,F,Hamster
50051-0007,Asia,2015-11-06,F,Cat
59336-001,Krysta,2008-05-29,F,Cat
61328-002,Gabriellia,2019-02-01,F,Hamster
0093-0536,Jonathon,2007-04-23,M,Bird
36987-3010,Marjorie,2013-12-20,F,Bird
24208-295,Ebony,2004-10-14,F,Cat
0409-6482,Julie,2006-09-27,F,Dog
65841-260,Crichton,2009-09-03,M,Hamster
52982-106,Caron,2018-05-02,F,Bird
0268-0060,Alexis,2005-04-02,M,Hamster
64679-272,Brok,2003-11-20,M,Cat
41250-176,Deloria,2011-04-05,F,Dog
36987-1300,Tansy,2010-03-21,F,Dog
52125-349,Brigg,2017-12-15,M,Bird
65044-0778,Car,2015-03-31,M,Hamster
53645-1060,Gerda,2008-11-27,F,Cat
51621-032,Niles,2015-01-27,M,Hamster
30142-733,Anstice,2011-11-16,F,Bird
0378-0577,Kathie,2013-04-14,F,Cat
58552-121,Shanda,2015-01-22,F,Cat
68382-099,Christy,2016-03-10,M,Ferret
0781-6169,Juana,2010-12-05,F,Bird
52584-035,Kit,2008-06-09,M,Ferret
67046-309,Elvyn,2008-09-09,M,Ferret
24909-109,Andrej,2008-10-01,M,Ferret
60760-695,Zarla,2018-12-19,F,Cat
51060-034,Gerrie,2004-02-26,F,Ferret
0245-0008,Yorgos,2011-12-11,M,Bird
68084-045,Marco,2008-06-09,M,Hamster
41250-609,Kalinda,2007-03-30,F,Cat
76077-300,Zack,2010-03-15,M,Dog
55154-5561,Randie,2008-09-21,F,Cat
48951-9010,Shepard,2018-09-07,M,Hamster
57955-5639,Denice,2014-06-10,F,Bird
68001-180,Ugo,2018-10-07,M,Cat
36987-1467,Araldo,2016-04-04,M,Bird
61601-1119,Cheston,2005-01-04,M,Hamster
57520-0239,Sebastian,2017-10-04,M,Dog
49643-107,Kenyon,2015-06-04,M,Dog
62654-142,Liliane,2004-12-21,F,Hamster
55739-1022,Perla,2013-01-25,F,Dog
60846-808,Brendan,2010-07-17,M,Cat
68428-019,Olympe,2013-03-13,F,Hamster
48951-1152,Myrtie,2011-04-04,F,Hamster
49349-813,Corina,2010-01-25,F,Cat
49288-0412,Arny,2005-09-26,M,Ferret
65044-3108,Michaelina,2006-01-11,F,Ferret
36987-3363,Kore,2007-01-01,F,Cat
75857-3151,Thoma,2017-06-14,M,Bird
62296-0021,Juliann,2009-07-09,F,Ferret
0187-2048,Humfrid,2006-08-21,M,Hamster
65841-050,Desmond,2005-12-16,M,Dog
11673-604,Salomone,2010-07-24,M,Hamster
65862-161,Gilly,2008-10-28,F,Ferret
62011-0201,Romonda,2006-12-30,F,Ferret
76151-251,Stefania,2018-10-14,F,Cat
49348-498,Cory,2016-09-28,F,Cat
50844-753,Lissie,2011-07-28,F,Dog
6889-0319,Sven,2009-10-12,M,Ferret
59779-140,Arny,2015-05-06,M,Bird
63629-3380,Sean,2015-02-05,F,Bird
36987-1282,Carly,2009-02-20,M,Ferret
53270-0125,Egbert,2014-04-18,M,Cat
59779-261,Christopher,2007-04-03,M,Bird
68428-050,Hanan,2005-10-20,M,Hamster
62742-4038,Pamelina,2005-06-30,F,Bird
0093-1118,Sandi,2019-01-18,F,Ferret
50742-109,Wrennie,2010-09-05,F,Dog
64205-820,Lalo,2012-08-24,M,Ferret
59779-213,Vinson,2007-11-19,M,Hamster
10812-109,Odey,2003-08-27,M,Hamster
68437-011,Filmore,2018-10-13,M,Hamster
0378-5123,Dniren,2008-07-05,F,Hamster
64092-031,Marne,2017-05-24,F,Hamster
24385-169,Natalina,2014-11-05,F,Dog
0179-0111,Hurlee,2007-01-17,M,Cat
30142-009,Shantee,2017-04-29,F,Cat
65044-6584,Krysta,2017-10-07,F,Cat
11822-0543,Shelia,2011-08-15,F,Ferret
0168-0246,Sandie,2004-08-22,F,Bird
0378-0086,Rosita,2009-03-10,F,Ferret
0409-1163,Sherye,2016-09-11,F,Bird
54973-2961,Lina,2017-04-13,F,Cat
61442-222,Vonnie,2003-12-16,F,Cat
63187-103,Aggy,2015-08-02,F,Hamster
60505-0380,Shaylynn,2018-11-07,F,Cat
36987-2854,Llewellyn,2017-08-04,M,Cat
41268-374,Rubie,2009-09-14,F,Hamster
52486-100,Cosme,2014-07-12,M,Ferret
55154-9417,Rhonda,2007-05-04,F,Dog
43742-0290,Chery,2008-02-27,F,Dog
52533-160,Fayth,2015-09-17,F,Bird
55154-4799,Collie,2012-06-02,F,Bird
58118-2331,Abby,2003-12-09,M,Hamster
53499-1233,Yancey,2017-12-17,M,Bird
54868-3533,Stavro,2009-08-22,M,Ferret
55289-335,Leon,2009-03-29,M,Cat
13668-104,Christos,2004-06-26,M,Cat
49349-942,Eddie,2011-12-30,M,Bird
66184-150,Fancy,2005-05-14,F,Ferret
68788-0523,Bettina,2004-08-27,F,Hamster
41499-124,Hobie,2004-07-27,M,Cat
0615-7627,Gasper,2009-06-09,M,Dog
65862-706,Russ,2019-04-04,M,Hamster
49349-604,Haleigh,2013-11-11,M,Ferret
63323-772,Hurlee,2012-06-26,M,Bird
98132-705,Gretel,2016-10-10,F,Bird
21695-063,Conny,2007-12-26,F,Ferret
63621-355,Sauncho,2017-09-30,M,Hamster
